Solute	water	octanol	hexadecane	chloroform	cyclohexane	carbontet	benzene	diethylether	heptane	hexane	toluene	xylene	dichloroethane	decane	chlorobenzene	octane	isooctane	ethylbenzene	decalin	bromobenzene	nonane	pentane	ethylacetate	diisopropylether	butylacetate	pentanol	butanol	iodobenzene	isopropylbenzene	isobutanol	tributylphosphate	carbondisulfide	dibutylether	perfluorobenzene	nitrobenzene	hexanol	tbutylbenzene	4methyl2pentanone	undecane	butanone	heptanol	bromoform	chlorohexane	decanol	odichlorobenzene	methylenechloride	trimethylbenzene	butylbenzene	benzylalcohol	aniline	cyclohexanone	nonanol	dibromoethane	tetrachloroethene	secbutanol	tetralin	hexadecyliodide	pentadecane	acetophenone	anisole	dodecane	ethanol	pyridine	benzonitrile	bromoethane	propanol	ethoxybenzene	fluorobenzene	nitromethane	nitroethane	tetrahydrothiophenedioxide	methylformamide	triethylamine	mesitylene	mcresol	isopropanol	dimethylacetamide	dimethylformamide	acetonitrile	dimethylsulfoxide	aceticacid	tetrahydrofuran	2methylpyridine	phenylether	onitrotoluene	methoxyethanol	isopropyltoluene	dimethylpyridine	fluoroctane	secbutylbenzene	bromooctane
ethanol	-3.832737898522268	-4.776198655777405	-2.3384323792042143	-3.865792520522709	-2.442308756837495	-2.998177099772949	-3.027947335690982	-3.5789538867728394	-2.5795095951880795	-2.6327962251967354	-2.9635309141171873	-2.8573565477902627	-3.6250065049440883	-2.463192924040893	-3.3919973757755133	-2.5343155801459685	-2.6766628488829483	-2.8688795415346338		-3.3094700906385697	-2.4935858456685343	-2.7011291079989643	-3.441695109159013	-3.4078958216721755	-3.306131273080241		-5.127940929956274	-3.1228862107713518	-2.8399941016072017		-4.1272754455572125	-2.743545862940753	-2.9598226400065064							-3.754500890481061		-3.0489974416502803			-3.3915140173750777	-3.9237577452355414			-4.702838673025822	-3.911311169714548	-3.28338168305294		-3.395202082520914			-2.7567883263179276			-3.3888629639601455	-3.068116207380033	-2.4123363792287558	-5.33910586938154	-3.5488808716356446	-3.447563511147219		-5.25053621829177	-3.1479449917934947	-3.628679403802322	-3.224078920777022	-3.3627588240604736	-2.1027959340613647	-4.936796530173136	-3.1750456690290654		-4.484492845512357	-5.208382221252112	-3.518132161254377	-3.416424453152741	-3.630184098102769	-2.980263643339115	-3.6954576933200793	-3.376754985929849	-3.5894737524519864	-3.6606967385938876		-4.628124099508237		-3.568032643749842			
toluene	0.12404792628807627	-3.7820007286987685	-4.823701313408806	-5.878034973974527	-4.976024188960327	-5.815097658710584	-5.5253324814641385	-5.268304494035661	-5.159899263130535	-5.23183940789277	-5.404840722749576	-5.192509406631365		-4.994452323442722	-6.0660172052626935	-5.096364220165164	-5.305252328018785		-4.744994493006981	-5.939494742252363			-4.920223867457008	-5.079604874449229		-3.974075262089922	-3.997015414387625	-5.679979175255878				-5.396091562270849	-4.361157596770755			-3.9184298910423525			-5.04512620634883	-5.148274342340436	-3.838642750690594					-6.052567057426781			-3.8188181981089904	-4.0167828478620144	-4.397879532788853	-3.6799729509886276					-4.8845942130112014		-4.8749775513186036	-5.025294000059617		-4.156218586277347	-4.990099883314087	-5.343954454664938	-6.153793602765534	-4.106762118573913	-5.054894148751068	-6.28101320681774	-4.45291742964374	-4.918837530324898	-1.7582285320604183	-2.914685289103134	-5.541443132415552		-3.6347800742237784	-4.219079540460048	-4.11314483278107	-4.058532290465344	-4.908414662034041	-3.000621834829506	-2.6623188187064244	-4.755144690041063	-4.891092795043898	-6.265799494200397		-2.9371106296796485		-4.734861252581959			
2-butanone	-3.0713974552857306	-5.00008281189295	-3.8985314165348774	-5.159687090713663	-4.032349384251053	-4.814242735943447	-4.8213360085712775	-5.501985916689509	-4.1889710791766515	-4.2518169969633774	-4.741434736087118	-4.593556933672461		-4.050064633499483	-5.495713663709373	-4.135513927090714	-4.32379114081881	-4.6151159389386365		-5.3858117110282056	-4.086326336749158			-5.2431525497378395			-5.418111213237046	-5.1269582154222775	-4.565387696021986			-4.5499007473342035	-4.620987514880376				-4.500510103527996			-5.837874170173128			-5.321042150664755				-4.486543519335722		-5.084366443542964	-4.497406634223814	-5.20891785312257					-4.493188163120595			-5.4243799891772415	-4.932541734394038		-5.6697246810596225	-5.596539577185548	-5.572663651882273	-5.8339460699022965	-5.568566863123102	-5.022387924669084	-5.7721621230495925	-4.866385560796283	-5.290125282044764	-3.5451530700497456	-4.955668270939022	-4.725740299338592	-4.519388460758977	-4.196624187373568	-5.670252317826682	-5.46378969048198	-5.3390576835294965	-5.321499196941704	-4.697149236284661	-3.05803985135485	-5.292863940879013	-5.604035683002843	-5.771527163250057		-4.9463376703805695		-5.553816015670769			
n-octane	3.078523692938857	-3.402296819769133	-4.325166246775007	-5.289125487930024	-4.57505522174542	-5.6064477373225206	-5.413283444963975	-4.911712298578355		-5.115745506539281	-5.168234886336723	-4.887276377726878		-4.642839067194275	-5.007031572729021	-4.84292357808164	-5.157757886499576			-4.878339107955172			-4.192148085101377	-4.862562365733105			-3.5536190195372908	-4.658396028396341				-4.769456860278791	-3.9974866448730295							-4.1768303470009975						-5.057858172126112			-3.334428283053407	-3.337175631678511	-3.1703503518168166								-3.6132433662651993	-4.193107783830719		-3.73904176494358	-3.968532257924322	-3.91546628489712	-5.043178325580767	-3.686124733328291	-4.316078758647725	-5.460339357493119	-2.804551427540439	-3.4342347707659333	0.2299638564140008	-1.9576659169773416	-4.900092598671887		-3.3356526021485364	-3.9142278751197876	-3.059574218695645	-2.903241656538867	-3.552455286548264	-1.6307888890954576	-2.6941317057003187	-3.8561747243338487	-4.05698620182756	-5.904883079643693		-2.537164829456808		-3.95253065376697			
nitromethane	-3.697900503169778	-3.775104957939279	-3.4230938089132543	-4.565420347866317	-3.507033828003766	-4.1828640338817475	-4.106860399807975	-5.0970809802645025		-3.5921730839789356	-4.106395811487768	-3.993495560806883		-3.505899796947636	-5.384570836359732		-3.6764408069990187			-5.246623600592779			-5.159431271196697	-4.729304222920741			-4.266194784070732	-4.910606715090451				-4.0494242965646965	-4.149857678061771	-3.8780907853097664	-5.706978129976433					-5.799831973194904						-5.368667955224921			-3.9756226503038654	-3.632961877181047	-5.254198255602536								-5.4321497753325065	-4.673175576922266		-4.5366575340705335	-5.487050922040101	-5.68724813751825	-5.839662975913536	-4.417615424481351	-4.717283810163385	-5.5671983259236235	-5.116682112916547	-5.504361437379536	-3.976189315054982	-3.95602467715908	-4.2259280164351125		-2.1937909985294652	-4.591316483259847	-5.42446556271912	-5.361577405345315	-5.422926426894941	-4.840840443193944	-0.844758867241706	-5.175613909468128		-5.206017563393665		-3.977763703748477					
1,4-dioxane	-4.658683027004533	-5.2770703462394115	-3.330545015261921	-4.69215978568106	-3.4668776928994474	-4.214764577142277	-4.280372749398564	-5.06074780799504		-3.7095729195831892	-4.196758032749576	-4.059384200546296		-3.4917967952290825	-4.787584782056466		-3.771576766022356			-4.6836949694413335			-4.894078241602083	-4.82825703473602				-4.4429878651037855				-3.9137461181156414	-4.238616787601721							-5.330283342962328						-5.011878237210782			-5.233562575433002	-4.392035093514014	-4.718878427261774								-4.857103238349848	-4.382347424707881		-5.936548803044863	-5.070618918056964	-4.913803240981899	-5.142016486285689	-5.83285219069688	-4.491422454137486	-5.0993381017136485	-4.337669155739896	-4.708041140083262	-3.2055363586021492	-5.332112668291395	-4.188232462256245		-4.649829647177331	-5.850864252175346	-5.0650778284329485	-4.923295178141209	-4.8189214724708025	-4.363745139886087	-3.6670569597196754	-4.819175020997736	-5.129564808483195	-5.1589722708381744		-5.188865378884727		-5.108443315134477			
phenol	-4.684395922587545	-6.861030463863759	-5.483707451497246	-7.485254971485074	-5.612144279989962	-6.487812707249495	-6.361255360302732	-6.812227578581079	-5.724119626114851	-5.77330966249605	-6.291392960790674	-6.118099909625342	-7.355183907396146	-5.612229330808555	-7.387918346821783	-5.682142139472149	-5.872380279917336	-6.156918216635941	-5.493252807948006	-7.266147407090692	-5.641173748508021	-5.832346892650071	-6.68280792947234	-6.503235870801762	-6.467829217718085	-7.23718404169316		-6.973955398929683				-6.304743428689951			-7.316812844954371	-7.1075518455453315		-7.1803285979314015			-6.9865892278108035	-6.433832227541855		-6.505689328875607		-7.827691294337928		-5.9419822470921115				-6.683619102878147	-7.10914965733925	-6.106355876768802																				-5.985070277716707											-7.090767393809324						
aceticacid	-5.2859265335663155	-5.236783375934668	-3.1044975604720957	-4.426583440972635	-3.2018287791432565	-3.83163143964363	-4.011597054373662	-5.111537160936924		-3.345130502522732	-3.972292489880678	-3.8874853649048413	-4.684763921439453						-3.09020256954791				-5.108118035914002	-4.855053060889777	-4.92483439302753	-5.63954764422039	-5.725351534943779			-5.917390814181503	-6.6109807679178045	-3.7380015811853124	-4.395653870296292		-5.091224123203892	-5.494455879533828		-5.603238418381024		-5.642530841814652	-5.3737671523216495	-3.5966326996632025							-5.460459115896585	-4.606475362188449	-5.202676841976862				-5.8974426992426485				-5.244325495811725																						-2.352775911180449				-4.911970151881093						
ethylacetate	-2.744198851744465	-4.352346900191775	-3.4923750356551726	-4.557055638316877	-3.6456332004404155	-4.464671596187363	-4.506669646335022		-3.8478535056328846	-3.9263485363727755	-4.410126390704013	-4.252959809410445	-4.567526328556337	-3.676124240148391	-5.028933984133487	-3.781151084578406		-4.269521683969748	-3.3927723964696117	-4.909152551664779	-3.721121563437137	-4.027116393267692	-5.084579727930611						-4.2271228500774445	-5.059313105556053		-4.091610035583075		-4.181091198925922			-4.158126363545128						-4.887231691511603											-3.9972047780809445				-3.5115853224758826																															-4.629679145228626	-4.117050266151531	-4.608124775361759
methylacetate	-2.59302903523989	-3.329980323408204	-2.534679243510362	-3.4328274290002776	-2.6640780624109444	-3.3636781487875016	-3.4190395759897303		-2.8371998027324032	-2.904749085554761	-3.351104822545119	-3.223641084478278	-3.595458062429941	-2.6929985092464914	-3.983827379935979	-2.780980877487537		-3.2413051132295885	-2.45062526733706	-3.8653874590578137	-2.729640515561159	-2.9904976869967124										-3.023490068150555		-3.1392659850636777			-3.142702942692781						-3.925726464380148				-3.1376608872822582							-2.9536261500675147				-2.5513192223703753																													-3.1451048181495564		-3.669066628880584	-3.1096560603820365	-3.6622126145248757
butylacetate	-2.4418812593986017	-5.423981530373223	-4.661357726277876	-5.947553870112383	-4.86298099084087	-5.8965861732024365	-5.918411858908825		-5.136224599133458	-5.240831616133295	-5.772166942344627	-5.560863514582042	-5.744949356224332	-4.903563987123778	-6.364951059127579	-5.045853111424749		-5.576186182393364	-4.51379712388871	-6.227782918439201	-4.966052052890006	-5.3771099476706			-6.041025031286373				-5.526849841419894					-5.536440096856368			-5.442235698394111						-6.121528116628721					-5.324711061691313						-5.299444263000867				-4.686711165269487																															-5.865597674923652	-5.387519106125855	-5.797323412232235
propanoicacid	-5.004610626620333	-5.764643221028851	-3.5808581970238973	-5.049636694892212	-3.7029535462562295	-4.426043539514644	-4.580412619747222	-5.545294692168144	-3.8441528231286686	-3.9011173651560296	-4.51199009212191	-4.3982395974079	-5.1448275804706505		-5.15410322811401				-3.5347282250626546				-5.455134948927716	-5.300190343490941		-6.172060164084867	-6.255376450806425		-4.37284094628528	-6.447306939894397	-6.891837129809374		-4.7652775445187		-5.4078915006405275			-5.938916658060058		-5.9585418374992205										-5.079116319634654	-5.428102832177483				-6.427023520020512										-5.530816868033648																				-5.203514562160024						
butylamine	-2.5415252188531317	-4.5463286284518265				-3.9988526280960066		-4.529898949539645	-3.3821779970024424	-3.4645678587065234	-3.786525194405171		-4.603544675874858	-3.2052371888114424		-3.31315891446351	-3.527424365095302	-3.637831882508641	-2.905292940316047	-4.413955983183961	-3.250679419832503					-4.810036403367029		-4.06447713131282	-3.5820655312773093					-3.7345375772409466		-4.7258828363424525			-3.208676522174987		-4.625435444420257			-4.303126647911331	-4.628586244303523				-4.407814021974637			-4.421538561761305		-3.5085354293033215	-4.964456120520739					-3.8318063022021995											-1.8416092709251746																-3.477838321585559				
propylacetate	-2.6187072081496985	-4.9324200520499915	-4.130717661095215	-5.311875235475223	-4.307803993886667	-5.236256193511861	-5.270061003078238		-4.543782947768797	-4.634772038363497	-5.148966742507363	-4.964949094914415	-5.2137170998303874	-4.3426829669358	-5.760711092797803	-4.465707547419033		-4.980935870987504	-4.009372517638258	-5.633121399660438	-4.3961427702341505	-4.75248742424652							-4.934725777312223			-4.8066175764189065		-4.910973632736799			-4.8578388896641025						-5.565424026971632											-4.705399752813328				-4.152875277639775																															-5.306060751674318	-4.809848149147597	-5.264122047643024
1-hexanol	-3.2671617104715507	-6.821599519490605	-4.625431626038032	-6.588508517862192	-4.825233323848822	-5.81046101934074	-5.801027221623666	-6.176925302462556	-5.102905754610497	-5.207958399765877	-5.640303803804897	-5.426996378346124	-5.952664642884085	-4.866295048126632	-6.04138667033533	-5.01097360500489	-5.276478099169199	-5.436976813176968		-5.9214002510445605	-4.9310494070677136	-5.346474719945764	-5.777133035783454		-5.6038466531611455			-5.667133074813639			-6.573378432231487					-7.058166700633285						-5.22117861666494			-5.930971625307173								-5.709367214933552								-4.769694680950409																														
1-pentanol	-3.4962212671936634	-6.36579717917735	-4.098087795576002	-5.960335930041076	-4.273388423796326	-5.154112810809479	-5.156945543444906	-5.590205767987385	-4.513740613486869	-4.6051699292947506	-5.021475702087336	-4.8354366954080925	-5.437573387566307	-4.308720563209755	-5.44397894311706	-4.434116471342903	-4.6685796553939065	-4.84613502240899		-5.333411639063281	-4.364429950337049	-4.725106022901349	-5.2611427412152425		-5.095534914223546	-6.702634358928204		-5.095020195992939			-6.0408167180401575											-4.731959675172778			-5.365814598231832								-5.196108048463662								-4.224050219110756																														
1-butanol	-3.4701384061749003	-5.78650264923763	-3.4889935925802154	-5.228807756459155	-3.6412440835926723	-4.410815266764679	-4.419079802511078	-4.8626436941747775	-3.8498078265144846	-3.9293119636338916	-4.305026601986382	-4.144632416709219	-4.793764723930609	-3.6723841863916653	-4.707037917867564	-3.7808683655631308	-3.985052773316725	-4.154992879144919		-4.606708199145026	-3.72030650198596	-4.03330249036057	-4.589260060193733		-4.437132053489746		-6.161858820622033	-4.388950020934118			-5.317061552899634											-4.139651674694466			-4.648037336182159								-4.561176092356673								-3.59846963352406																														
1-propanol	-3.700376880400918	-5.340631710156547	-2.9556477871286693	-4.580363546590726	-3.0833924344492796	-3.747694450168751	-3.767641281208328	-4.265347099007882	-3.254815497643098	-3.3207422178157997	-3.6786995669053892	-3.5455434157902914	-4.247806899959077	-3.108868469467217	-4.099630876552924	-3.1981355721759304	-3.3712092527381374	-3.5565737420083945		-4.008797533348954	-3.147785412876215	-3.4062338407393606	-4.061894776443241		-3.917877163914268			-3.807273183177051			-4.76962852821317											-3.631073952483165			-4.072134547995203								-4.018636754615202								-3.0468606264216014					-5.8388790446145995																									
methanol	-3.89402054834875	-3.8979614366491044	-1.3500021883170006	-2.773281262639647	-1.4297910580929276	-1.8696851752708865	-1.9102516943827017	-2.624174416636274	-1.5370047729872653	-1.5791581324914237	-1.8771735771485558	-1.800685891904143	-2.6942094868325164	-1.449191876374238	-2.3471015302574774	-1.5026639054566702		-1.814584679926013		-2.2623331301792895	-1.4707610805675855	-1.631972339073423	-2.567491579531383		-2.428001682585546		-4.256459278914309	-2.069135383387768			-3.283220454406773				-2.4854023741931677							-2.0493140530744616			-2.3787575560885426								-2.425461257920915																																						
methylpentanoate	-1.98324648136794	-4.845982993061299	-4.111515009219794	-5.369389509507745	-4.314130084083626	-5.321906797312605	-5.32850990245791		-4.599483444337689	-4.707887656156235	-5.183354405355816	-4.972703128049312	-5.154086732144924	-4.3602200484963864	-5.738908219542462	-4.506227158264524		-4.988286879528716	-3.9470555932842895		-4.424209165908174	-4.849542899972729							-4.941820038279253					-4.995558506219167			-4.858181278570644						-5.529353806523243				-4.832732228997432	-4.742578083777576						-4.716035894202334				-4.137714061250443																													-4.881416102624198		-5.292127541568764		
ethylamine	-2.9206610486343605	-3.5944963368347715	-1.9455798328112128	-3.6666627321938114	-2.0530116915167707	-2.672797792029524	-2.5720063244644673	-3.342937246519688	-2.191191005596868	-2.24643925569029	-2.5348029307654656	-2.4083098678322337	-3.551010193153663	-2.077263114412058	-3.3681403937472463	-2.146716196069519		-2.4420852007562575		-3.222899620536016	-2.104645111906827	-2.3147260742453284				-3.8333883007115994	-3.884725570279142	-2.9046223366882016			-3.397142000199237					-3.753162675209349					-3.668560867108361			-3.381022015670334	-3.482900195643989							-3.4864907036886517																																							
1-heptanol	-3.059271153368907	-7.2863081343265605	-5.15774459899457	-7.2190857785809	-5.382024681286015	-6.4721590888064835	-6.450603697356151	-6.77030513709561	-5.696843342105716	-5.815468637614917	-6.264717467414205	-6.02414634136485	-6.476683924105662	-5.428756055046513	-6.645844804339431	-5.5926505940019675		-6.033448304234968		-6.5164174494094835	-5.502520159898447	-5.972483796339997	-6.300190063032908		-6.119047202500464			-6.2461065568110365			-7.113677044706594										-7.398034720418665	-5.7128459816507515			-6.503603329380836								-6.2312731441197435								-5.3202605656369935																														
methylpropanoate	-2.344613190833262	-3.84380811996461	-3.0223088709710177	-4.056652918104691	-3.1763003922173767	-3.9701704819764307	-3.999903577485612		-3.389150770186426	-3.470915099159043	-3.9033398380360085	-3.7469904717942932	-4.045968325408888	-3.211523848169468	-4.476217110621539	-3.3198805273572707		-3.763226435224535	-2.9073810990829947		-3.2579503964049286	-3.5764201438490635							-3.7238609338663347								-3.6560864100812513						-4.361229134151741				-3.6421072568631945	-3.5679814282821662						-3.4965125661546033				-3.0422346955043844																													-3.6666808935865016		-4.124562497720913		
propylamine	-2.769049979643802	-4.093613964918066	-2.488191667433825	-4.319017496547863		-3.3446416195280353	-3.2322590865523977	-3.946519390357948	-2.79479101653402	-2.8634491722788367	-3.1699477702600536	-3.0163278371941185	-4.092404229800829	-2.6496950851851713	-3.9844697349439846	-2.7381835245448998		-3.0493973713525735		-3.8301111837092	-2.686013510323013	-2.950018308936742				-4.34513681088569	-4.396048810005658	-3.49626551543713			-3.9496934206533045					-4.262850914418331					-4.1702999872305915			-3.8650483978417034	-4.068281911442273							-3.9771127405621494																																							
pentylacetate	-2.228016842842207		-5.19752896016791	-6.5909368102403665	-5.423523589283326	-6.562576482602429	-6.5723655294066825		-5.733507151273021	-5.851562116101666	-6.401268286972452	-6.162760641600728	-6.278305740896769	-5.469663497820259	-6.978121230751103	-5.630997710013646		-6.177528234782181	-5.024391354519673	-6.831331563934945	-5.54106837026376	-6.006147332719686							-6.124922643266525					-6.1669893831669285			-6.032551577387223										-6.005455007851736											-5.226043407368954																													-6.06039100082844			-5.971125243495926	-6.339192220432063
p-cresol	-4.242003004100332	-7.029890646961066	-5.726578445611393	-7.809969141232712	-5.880703433241989	-6.85159847150297	-6.707081341577208		-6.03721483952896	-6.102381664542404	-6.612736550294936	-6.412209678713978	-7.571937554434036	-5.889634468072928	-7.674955445025588	-5.98116447791025	-6.203021051288228		-5.700589606280212	-7.538004089592232					-6.696518055354788	-7.420228452043281		-7.220659222862571							-7.488653644096671	-7.287870860114553					-7.158185859016475			-6.659933762406431		-8.12803679153399							-7.307761207130115																																						
o-cresol	-4.056919527633314	-6.952649984887207	-5.640645239542675	-7.747255644383652	-5.793068489700453	-6.747421015833121	-6.582450447221595		-5.949100175872323	-6.01384374665658	-6.487369999595624	-6.286126708651223	-7.4496245960453225		-7.523323725977267	-5.893289451517507	-6.112168694539716	-6.3247766929852585		-7.386872335989232	-5.841056986871031				-6.495532012146697	-7.331522539072463		-7.073923568990573							-7.291439450521116	-7.203401587825865					-7.076996407662586	-6.548463062961882		-6.592861200188865																																															
aniline	-3.9100239396261944	-6.293170050923428	-5.408256320509458	-7.633265322820688	-5.536762794491907	-6.503283959417893	-6.251793154092342	-7.029362451711733	-5.633232374764632	-5.679417898929509	-6.219254696073564	-6.0269647880971835	-7.719692733196096		-7.870254792468017	-5.596614626134856	-5.795708576734336		-5.452762624770214	-7.681400730756351		-5.730771611139765		-6.577561224371629	-6.683946374418235	-6.654336034325943					-6.3317988072238744				-7.931717197565497			-7.634799535836034												-6.147136881930784																																									
2-hexanone	-2.6830502700608956	-5.96998882912552	-4.968346466041518		-5.15099997468354	-6.145117373394426	-6.128463151970143		-5.3811344799096705	-5.470921543045336	-5.99931498816821	-5.797010232016406		-5.179884235491773	-6.727850795586939	-5.303400588028434	-5.553897910745269	-5.81766463582407			-5.233931725760003	-5.586886351775813							-5.761202765689149					-5.762472360229207			-5.680624756295345						-6.45848546516425				-5.654983529286894	-5.575379441746654								-5.600290954966711																		-5.718775301670512																	
p-bromophenol	-5.48885973736893	-8.381335426274719		-8.944329904508768	-6.881194019287823	-7.876484055421697	-7.799840714377719			-7.064862601940544	-7.703397058568944	-7.511234251377505	-8.712450555731625		-8.779506407854214			-7.544815522501367		-8.672126665082946					-7.817429151980718	-8.762705309479829		-8.402749358092246							-8.684162973468588	-8.633882272641772					-8.50809429550587	-7.8459030408200165		-8.012912943535753		-9.235215518510268						-8.196483928156189	-8.50782819498549																																-8.421633544769552						
2-pentanone	-2.8921822766153915	-5.502996345848399	-4.427946886520216		-4.5862674512082835	-5.4747369098863405	-5.469940476991782		-4.779815953510855		-5.365518648818922	-5.190370784138067		-4.609632403272535	-6.108916024682424	-4.714176132784263	-4.933689049834065	-5.2115463237108814			-4.654801661163186	-4.953931301927436							-5.158397417082552					-5.127705380898911			-5.08560050408207						-5.887534915618396				-5.065777350220873	-4.994122091272422								-5.041935449158014																		-5.114033321021313																	
butanoicacid	-4.843462187489803	-6.279117664153401	-4.131930197416432	-5.719422456497833		-5.109637860101007	-5.252682837136909	-6.179858512611655	-4.455241470641947		-5.160486550384482	-5.019620322563208	-5.715026863777564										-6.024576877871876	-5.927056940578143		-6.702052145098879	-6.785743379098563		-4.990297070788689	-7.028133539272004	-7.485496831406403				-5.958335099967028			-6.529006751448057		-6.536453505474106															-6.983637039858317																														-5.724639132875277						
methylhexanoate	-1.792545268658805		-4.643882894927214	-6.007534887833256	-4.8709454644626655	-5.983692379955525	-5.978163737598384		-5.1933627091548376	-5.31530930024676	-5.807925153510163	-5.570032422733244	-5.683542624429504	-4.922684179770926		-5.087871913949031			-4.453400853284266		-4.9956644744229415	-5.475423489274707							-5.5353541505997					-5.622383508736532			-5.444011097349654										-5.412652929819418	-5.314589742046714										-4.673262676543622																													-5.474334014595731				
2-heptanone	-2.4740939612736588	-6.440215179595331	-5.49549741751441		-5.702713684977662	-6.801153370573341	-6.772327640148503		-5.9703609043059105	-6.073830335431647	-6.617737642491326	-6.388132907550826		-5.737372745278171	-7.322578465854497	-5.880261942321136		-6.407992945212233			-5.800514972671587	-6.208465067047872							-6.348572222362803					-6.384187432174843			-6.260362495299509										-6.228769644685813	-6.1412283914771235								-6.141070274647675																		-6.308761063385793																	
3,3-dimethylbutanone	-2.311297869774505	-5.157526219263201	-4.130581399196332		-4.302273102547767				-4.526316097752984	-4.613316767371999	-5.08140254000066	-4.8932545381397645		-4.334217563998976	-5.7938374473466165	-4.4518179530419735		-4.9152577163044215			-4.385091436849945	-4.725472531414932							-4.862705070955807					-4.891079683212724			-4.786381539826254						-5.589312745949177				-4.759278901607002	-4.690100608495121								-4.7061532291895976																		-4.816855940493522																	
acetone	-3.380296893978095	-4.5602418498358	-3.4697836383626837	-4.619596328330075	-3.578869184216473	-4.270612040299512	-4.305585309907811		-3.6941370728082306	-3.7422825773878743	-4.254799950451268	-4.135832769942984		-3.5896409142009564	-5.079638985260283	-3.6541494762185196	-3.812430005749669	-4.159018310619993											-4.110817848095813			-4.092087120751198		-3.984088434765017									-4.959697765526913											-3.930394839432991		-4.099434024784774																																			
water	-7.26121640337637	-6.339887379766094	-2.13844868592436	-4.074250305888187	-2.1795545536566405	-2.5547366368206252	-2.723035121278803	-3.6913347223379667			-2.72969115122493	-2.7005194136368162						-2.7127636843133747					-3.803845060889479	-3.480282901005801	-3.6654213825015103				-2.6859938240814545		-4.988568605175347															-4.182814832697373									-6.605203301536233	-2.796082491107276																																			
benzene	-0.23820571518330466	-3.544016752986591	-4.549797223261738	-5.489891562566232	-4.677297504375059	-5.418106287913491	-5.147149529398609	-4.902512365714881	-4.819622362855977	-4.876503362612509				-4.687666250572125			-4.947071500661656									-3.717172953629774	-3.737725720262451									-3.6661631790201983			-4.737038624424565		-3.596161700068502											-3.452169121435239					-4.641323223294781																																		
m-cresol	-4.331985173912014	-7.108810772456865	-5.76917411245602	-7.889563693090298	-5.922395988306536		-6.753727604272798	-7.198681611928678	-6.075473408866277			-6.461868781350303	-7.670231480743844			-6.020421593864076			-5.747912498590646						-6.77509903550722			-7.297392587061511							-7.596946905244847	-7.370319006847215		-7.523741392209098						-6.733871877023026																															-6.446410602097311																
pyridine	-3.5176340588790995	-4.400453002753696	-4.279389298158068	-5.822569528209205	-4.395079837303085	-5.17356859710313	-4.926843308556614	-5.273038654105632	-4.503690738356895	-4.550825390840667	-4.8754077608939514	-4.704253835469486	-5.7549468831916935											-4.959504905977825	-4.933369391837377					-4.825125621788906			-4.2731889942064045					-5.591686583648216																									-5.383190458048362																												
pentanoicacid	-4.684935091726425	-6.76558223705843	-4.6717852670289775	-6.361904398959928			-5.910962999579028	-6.7864209995494935	-5.05618421769289		-5.793943336541753	-5.625900320163702	-6.216104912797825											-6.529649483575169		-7.202130562533907	-7.28567812184102			-7.568946280783734	-8.043039126955918				-6.4709184218433355					-7.075460812869994															-7.500787570917731																																				
diethylamine	-2.5054333894710474	-3.9931526109033455	-2.84036353306584	-4.504488699538837	-2.993556692183715	-3.7598118100734648	-3.612190104526411	-3.9743599451743177			-3.5106186163046162	-3.3310446556482285	-4.043932260015072			-3.1404456925826176								-3.757607221859761		-4.210380716972823	-4.248716246644254			-4.394308752398403			-3.075930451980978					-3.999702500663691																																																					
hexanoicacid	-4.472948985854346	-7.228189097542249	-5.201038737793162	-6.991376408134019		-6.437993010408147	-6.557166100195547	-7.376037075640879	-5.647126471563935		-6.414962052431107	-6.219663655660553	-6.736237112197409											-7.116526373115246		-7.6774154674865995	-7.76060074518873			-8.092865738354996					-6.962733103588053					-7.593564515903235															-8.00176556033186																																				
hydrogenperoxide	-8.766509556916283			-4.6436831553666105		-3.118023266800605	-3.9083148759838315	-6.166901887557135			-3.907888459108442												-6.444180924788861	-5.923357713901706	-6.282239137956597	-9.001204757125778	-9.092269576215408			-9.45874625896706		-3.4704582906927413	-5.775079894572061		-5.803377597324349															-7.266963172574818	-7.160808232081977								-6.814254016692158																																
4-methylaniline	-3.3708184671174486	-6.375477622848686	-5.601569014631304	-7.887752490915881	-5.756246293255171	-6.813367936820115	-6.541994198521132		-5.899772239135015	-5.962681708009773	-6.483354310224415	-6.263542953794683		-5.764184242018712	-8.074770326580639	-5.848375708166913				-7.871481676829143			-7.147199382556515		-6.832104823788686																																																																		
ethylbenzene	0.37286567646901064	-4.200212255638639	-5.258103333148769	-6.4192625980458216	-5.4350674847359945	-6.374763304365933		-5.785956976564286		-5.744328955255471				-5.460135975848346				-5.726517469206188								-4.405299933278762	-4.428355367311294									-4.347406512025892			-5.515934577317576		-4.259472935845375											-4.0898523762960135																																							
chlorobenzene	-0.33207113461270293	-4.275231522274913	-5.015148637355395	-6.129016691692255	-5.1603505488395705	-5.986134651369385		-5.552607064879233	-5.3271771401733075	-5.393239598968723				-5.173945703564258	-6.296323911151871				-4.953269390569498																				-5.2288730764310865					-4.082475499827507																		-4.634355027172125																													
trimethylamine	-2.3041774259513943	-2.7976212297034913	-2.0398853915252118	-3.3295929382622016	-2.1756208980352496	-2.8058111852554397	-2.653394569754362	-2.8323874799880704			-2.5559609094647397	-2.397404640733968			-2.9116203363670534			-2.416732985381938						-2.6793343315238256						-3.112212538638722								-2.7416090740223096																																																					
acetophenone	-3.493747666090625	-6.345847765304392	-6.441771792790017	-7.8530722684995995	-6.603615259454616	-7.6441186799637		-7.865067634823307	-6.760203179275613	-6.826234300177792			-7.834143115563311						-6.426135065644637																																								-7.8806404004994475		-6.542772715035328																														
bromobenzene	-0.9486986747034871	-4.9546184511767475	-5.755868847235251	-6.851186396371768	-5.903370154908252	-6.7594957897611945		-6.229893901606583	-6.063669194506333	-6.127651888141359				-5.911446323522423					-5.704583838546286	-6.94411178378416																																																																							
methylamine	-2.8990858015286873	-2.8631123136202223		-2.803136278927745		-1.8209670013015116	-1.7301670893183854	-2.564207977203958			-1.7182558614151042	-1.619689870609889			-2.5514728838884873											-3.0879865832413995				-3.188477275856295								-2.9061443477647355																																																					
nitrobenzene	-1.9803005377730523	-4.1933655982176905	-5.767462577662464	-6.635221208737324	-5.914521841603838	-6.867741325625962	-6.602371532128456	-6.797289706768823	-6.056301370037806	-6.1163648802668895									-5.755313258674707																-7.34127476421332																																																								
naphthalene	-0.9238365353542906	-5.446346092190971	-6.931335619397958	-8.245973667163774	-7.100281628276231	-8.137364302872552		-7.3570865835952	-7.270587464516692															-7.1006800287065985	-6.808434781993086													-7.35433425446534																																																					
fluorobenzene	0.051904987255891794	-3.334240043886636	-4.04398975750767	-5.150449652164611	-4.18061526769411	-4.948525030930298			-4.345442759653164	-4.410490367837924				-4.199115455414338					-3.977179342596363																																																	-5.5218322557869755																							
dimethylamine	-2.792480557352454		-1.6828656980226253	-3.133288108957042		-2.3691883580412685	-2.2427083793129396	-2.7212646972011028			-2.1847258547939337	-2.0532202256483076			-2.7658941998800004															-3.2120009314827604																																																													
benzaldehyde	-2.8371322399674255	-5.155300735565581	-5.636336620315301	-6.748251763156243	-5.78040369567565	-6.709342430169536		-6.949436354927689	-5.920218199787002	-5.979268713094311			-6.8124599762639																																																																														
m-xylene	0.4977907845443963	-4.009713147594944	-5.093137994195649	-6.257607513013229	-5.270317213500694	-6.2069728808491655		-5.625930603157866	-5.496011398378627	-5.583085822400233							-5.659167947899204																																																																										
anisole	-1.2544366403552396	-4.224681112640696	-4.727508000017093	-5.99351882199378	-4.887739784431001	-5.8077563859596815		-5.807597920850172	-5.077654454133105										-4.656822918554844																																									-5.36668527962362																															
ammonia	-2.6752645765241416		-0.7206516048560224	-2.3675412057812686		-1.195689827466785	-1.1526887603118667	-2.378342572436267			-1.191079692846339				-2.283507848958478											-2.9697853784586457												-2.973993931151025																																																					
methylbenzoate	-2.305088926272918	-4.903356140117699	-5.376212260092091	-6.515171700853327	-5.561328310589741	-6.6054518563605775	-6.44306795609787				-6.318888833167146						-5.965818450365929		-5.28619950166728																																																																								
benzonitrile	-2.3278801314872077	-5.27683933343711	-5.322815141890034	-7.313451639736807	-5.459956821747473	-6.459741115803388		-6.816459202303903	-5.572530294076949										-5.355352728887629																																													-7.674549744767832																											
p-hydroxybenzaldehyde	-7.719402072475134	-8.871029661900149		-9.055406594762383	-6.830024542165062	-7.905483995790192	-7.907382667232245	-9.041849674190047		-6.981901357849283			-9.343192304871605											-8.589136835452619																																																																			
benzamide	-7.947316368249318	-9.178853330701859		-9.450984546353114	-6.996271225187887	-8.14431538549247	-8.025350346671145	-9.325796622019782	-7.079458653316081	-7.123937168295024			-9.855968764271859																																																																														
formaldehyde		-0.7602074469527876	-0.6862820086656921	-1.1177065003856128																				-1.8502080762456723		-1.026348767143454	-1.0897367977293586									-0.9301988674285748				-2.4666464115432394									-0.8635698449613776						-1.2922158253106613																																				
chloroform	-0.7359438341215809	-4.409773108200677	-3.565566463573209	-4.748815889580315						-3.892091379956073							-3.9459656184788536					-3.9675959252415374																	-3.7384339085845135																		-3.8341929047186296																																		
isopropanol	-3.7815785255519843	-5.262726711373598	-2.8430867915650024	-4.49240879129777	-2.968650785152618	-3.6289894772130413	-3.6406970122345896	-4.183633197360571																																																																				-5.754533506593831															
1,4-dichlorobenzene	-0.30793674992304887	-4.907353714573985	-5.4332982347569665	-6.684869406469522	-5.596907333197364	-6.502319175920929		-6.1237747116483	-5.791385516654198	-5.867567638445382																																																																																	
triethylphosphate	-6.274195111750478	-9.987596355020504		-8.921337540842188	-6.418090288285743	-7.830187679712862	-7.916048368229781		-6.737320100320752	-6.863146175956702			-8.810091113496885																																																																														
trimethylphosphate	-5.643196532639047	-6.91128844383961		-5.470634317862488	-3.331087064666923	-4.380225722404763	-4.501286723692213		-3.568815424162237	-3.6636788405184793			-5.770343021741412																																																																														
iodobenzene	-1.5589240712752235	-3.486200448355123	-3.879003891432801	-5.265712205693664	-4.0420655219381265	-4.916382521684248		-4.780798509920568	-4.255147271012756										-3.7755797326843887																																																																								
1-nitropropane	-3.502404116335978	-4.88418522520939	-4.445636052074648		-4.578929884551032	-5.447898157876769					-5.296361249264787					-4.666582227078659	-4.862036585793871															-5.173124865957457																																																											
o-xylene	0.24788350008022633	-4.116131066251016	-5.140892292714509	-6.321177025146439	-5.311573618378594	-6.234524993821008		-5.685496314704467	-5.523116161341677	-5.605351781046013																																																																																	
2-methylaniline	-3.5818217775563927	-6.543862820392283	-5.758134791487988	-8.042938501947567	-5.906887460183994	-6.954527954746453	-6.688859876890028		-6.035891210107805							-5.9886682449971556																																																																											
2-methyl-1-nitrobenzene	-1.8108124412160662	-4.585129875357401	-5.985676055809744	-7.009445930044146	-6.153287536034238	-7.182200146510772		-7.061695776697881																																																																													-7.229809647736682						
1,2-ethanediol	-8.367907376726675	-7.901942986995786	-3.3831330013524386	-5.712707857912435				-5.512677043025101															-5.51725016710157		-5.313319385100056		-8.463956007628736																																																																
tripropylphosphate	-5.782698950920126	-11.62726659086065		-11.096896059382274	-8.338203477405937	-10.07311643990506	-10.1316506267012		-8.762912248546469	-8.927508442808419																																																																																	
n-pentane	2.440456452122653	-2.0103773612870888	-2.7298109736289593		-2.906251743590384		-3.4662192165445758										-3.321083383711436					-3.4352890465796917																																			-2.4216899429075482																																		
acetonitrile	-2.9968643419581493	-4.204878182814841	-2.7585596835090387	-4.7835163881277	-2.8297451357862076			-4.708658789999902	-2.858980080569679																																																																						-5.741725190382747												
2-methylpyridine	-2.8880441023114924	-4.561193371492189	-4.546165960314655	-6.152835998674666	-4.688502020490384		-5.290475616491498																										-4.48029989837242																																																		-5.396515426453851								
t-butanol	-3.2504054634101736	-5.3545268190689805	-2.981416408074427	-4.7355042695860385	-3.1286676455088798	-3.8659213527204113	-3.841660431203406	-4.322758118168024																																																																																			
dipropylamine	-1.9960913902243806	-4.805088544158652	-3.795242772313575				-4.791870887496143	-5.032779904452853			-4.639256706741465	-4.404847659230527																		-5.3253254856121615																																																													
bromoform	-2.0095916777977254	-5.9443391498336675	-5.546057224289725							-5.8767289645496295												-5.9520750803597275																	-5.763988243668691			-5.890621346272947																																																	
n-hexane	2.648440436671615	-2.478883371102914	-3.26413478230983				-4.118072055093847			-3.904075150487032							-3.93574082241666																																								-2.9197150930027216																																		
cyclohexane	1.508558219219289	-3.0573903540195193	-3.65273116493287	-4.332091166638786	-3.820070830439828		-4.434990371899714																																																		-3.396005923461453																																		
N-methylaniline	-3.264722787418779	-6.068945608690368	-5.7326928189841775		-5.887717359118156	-6.909376220079853	-6.622127484702567												-5.724422761782461																																																																								
3-methylaniline	-3.510588867965291	-6.505914009465559			-5.82570839284794	-6.88878351934284	-6.619464804158954		-5.965058938657169							-5.914853229654454																																																																											
1-octanol	-2.8343545450342384	-7.742439880376201	-5.685376294020859				-7.094997259902074	-7.357087097561547															-6.816122538794839		-6.627353076107906																																																																		
piperidine	-2.8731079555627703	-4.811807488236947		-5.294433726811079			-4.516838532461019	-4.746675040095698				-4.221700393099738																		-5.1990612410564525																																																													
ethylphenylether	-1.3721928947133706	-5.177391614530636	-5.639951815224055	-7.059808595608607	-5.825758098519408																																																														-6.3480588325474																								
2-methoxyethanol	-5.811987096677952	-6.230050415149242						-4.838211266022292																							-5.884040783700877													-5.842646239407778								-6.037547655156863																																							
diethylether	-1.02815728171333	-3.399795110603155	-2.579854980465987	-3.693321643012722	-2.7353825916197874			-3.644740947710916																																																																																			
5-bromouracil	-12.163731124895184	-12.686675182099101		-12.385730424077346				-13.573758149230425	-9.745667302381998														-13.947625698668757																																																																				
thioanisole	-1.2189639160755177	-5.327898156805029		-7.273440624469729	-5.814906482134648	-6.810193538198262													-5.595732458135619																																																																								
trichloroethene	1.0387083697333515	-2.8675997274324163	-2.8197951954001836		-2.9618005120074917									-2.9956836028325258																									-3.020989472881522																																																				
1,2-dichlorobenzene	-0.25190207909871787	-4.760201486251815	-5.319802207852331						-5.6745843356493175																														-5.558782670053088						-6.694867672675939																																														
4-methylpyridine	-3.406147721270982	-4.85272870487361	-4.647140176356379	-6.382342878439194	-4.786641551081386		-5.412870034461954																																																																																				
2,6-dimethylpyridine	-2.271027638938831		-4.815851157652133	-6.486465760185721	-4.984834113715876		-5.657165150634928																																																																																	-5.386295761601377			
uracil	-12.14780388302539	-11.707906844186489		-11.034475108296823				-12.24590216679157															-12.651802130774103				-12.614844592354434																																																																
m-hydroxybenzaldehyde	-7.215873577482782	-8.436288053833403			-6.706197016838352		-7.768800006691898	-8.844550832686444					-9.031422054394637																																																																														
5-fluorouracil	-11.8439863146572	-11.593009296936815		-10.962241989840223				-12.256417444155561	-8.204553395625126														-12.706794024876558																																																																				
2-ethylpyrazine	-4.657592505630541	-4.905329321449		-6.3058034963897205												-4.640466975817979																	-4.528484969318454																																																										
acetamide	-8.045337452586622		-3.805159937812245	-6.181369778201378				-6.487065211078018						-3.8888773722175576																																																																													
2-methylpyrazine	-5.236362420286115	-4.568382072072175		-5.773240371599935												-4.1013141075097685																	-4.087140297554726																																																										
tetrahydropyran	-1.8592071093075924	-4.408602734919119	-3.557916066228634	-4.642287993576079	-3.709224895666478																																																																																						
1,1,1-trichloroethane	-0.2463921910735803	-4.453767303977081	-3.8073773390510928		-3.9500525835572944																																		-4.013245363744586																																																				
2,2,2-trifluoroethanol	-4.67279253352383	-6.025498818070163	-2.285293232889192	-4.840177483892547	-2.4015259457128417																																																																																						
thiophene	-0.23856882127819745	-2.9180180712219634	-3.286161720529807	-4.335178015682417					-3.552562930876587																																																																																		
1-propanethiol	-0.3862625405587653	-4.046693895791714	-3.550804462776498		-3.6897882220616145												-3.999518869912015																																																																										
allylalcohol	-3.438631860762304	-4.504065094532701	-2.5751267923967505	-4.147589961090629				-3.836622092569643																																																																																			
thiophenol	-1.5846060111670544	-5.406483784270487	-5.663341755383974	-7.128555987061578																																										-7.4166418289407146																																													
3-methylpyridine	-3.28342932176571	-4.761241731558346	-4.60903822600169	-6.306055699593958	-4.749333836357105																																																																																						
nitroethane	-3.64795722071446	-4.389620631464073	-3.9336536162120894							-4.18235298659219																																																												-5.789171935616735																					
n-heptane	2.87101127017653	-2.933460503785978	-3.7903863732542775						-4.375251027083336																																																-3.40658317996262																																		
1-butene	1.608062830069767	-1.5487294271027932	-2.2059795249739467			-2.9502242972601653											-2.657073387929016																																																																										
dichloromethane	-1.3456733507971261	-4.216247958104775	-3.1290255483588636																																											-4.655746060610025											-3.581470304190341																																		
hydrazine	-4.296939746330391	-4.013626216517079		-3.471276898820254			-1.6952151883184112	-3.4790205962431604																																																																																			
butanal	-2.18826647954929	-4.242433369303078	-3.7729373909437434														-4.212631988804365													-4.9439388383436444																																																													
g-butyrolactone		-7.167205708473417									-6.306777653592715																													-8.712086085854908																						-8.062099131358066							-7.595736016762017																						
tetrachloroethene	2.0667569015146454	-2.5689775796569667	-2.864308633802043																																				-3.1052651394799566															-3.2466316214223547																																					
urea	-11.031722929122859	-9.78026670336734	-5.045746552689372	-8.064988748393333				-8.504073375156473																																																																																			
p-xylene	0.5478950006921911	-3.9710537311633924	-5.072901477522973						-5.477929677641879	-5.565521260886458																																																																																	
2-octanone	-2.2657871636259705	-6.907404609397462	-6.028677333808932						-6.565032353453817																																																																																		
methylcyclohexane	2.0014417933757023	-3.075909618651713	-3.73477543427794																																																						-3.4369880850960506																																		
N,N-dimethylformamide		-5.375118540901459			-3.6903721395704197			-5.525507112489947																																																																						-5.679959691083814													
anthracene	-1.5715157139313067	-7.313263875584946	-9.292728408768035						-9.702637694132601																																																																																		
1-nitrobutane	-3.291548171024207	-5.355561574291795	-4.981680154325351							-5.3814940958738																																																																																	
tetrahydrofuran	-2.1222241758037956	-3.9558745309635377	-3.0766843236679597																																																																															-3.7751005986243285									
propanal	-2.3655595787654833	-3.7618899468533518	-3.0798889582533273					-4.564721852049245																																																																																			
E-1,2-dichloroethene	0.43483631759318087	-2.7809449217802102	-2.5956612940694335																																				-2.761287851637038																																																				
3-pentanone	-2.6926146180835917	-5.40940770036425	-4.333484580822462		-4.491894140233422																																																																																						
n-butane	2.2160582624050713	-1.5587707505197599	-2.2053488743019334		-2.3572654088766685																																																																																						
n-propane	2.0146567711638577	-1.0843307432301554	-1.6684868560697024		-1.7959691502424753																																																																																						
iodomethane	-1.0738498039117654	-1.1295697356780665	-0.3576994989436298					-1.475383525045865																																																																																			
propene	1.5659210418531957	-0.9441858645189365	-1.5783450615139467														-1.9616988453376907																																																																										
fluorotrichloromethane	1.730880891337904	-2.2459194853834448		-2.8093831071334354	-2.305536884951414																																																																																						
acetaldehyde	-2.5467403954932553		-2.553087485329986	-3.365039895078659				-4.072293397767985																																																																																			
bromoethane	-0.7716092265461703	-3.78882358540081	-3.4275269121523615																																																														-4.48005045743856																										
cyclopentanone	-3.8545972187941913	-6.066776321714247	-5.1438937797382565			-6.11040459075173																																																																																					
diethylsulfide	0.2644734613719197	-3.8621290744683177	-3.6600717380203753	-4.943112740830436																																																																																							
dimethyl4-nitrophenylthiophosphate	-4.081573271053666	-7.981196214191393		-10.438331392115654			-10.016916179960344																																																																																				
1,1-dimethyl-3-phenylurea	-7.836402004112865	-11.070645942446232		-12.409168642937834			-11.047650392965906																																																																																				
isopropylether	-0.6229725335412201		-3.3111099267879114	-4.670416719182061																				-4.278793499997382																																																																			
hydrogensulfide	-1.0376484031218343		-2.0341714869326166	-2.9219178865610855				-2.830890809041514																																																																																			
difluorodichloromethane	2.2757615374420586	-1.1711348340799395		-1.6789490165687606	-1.211895512869885																																																																																						
N,N-dimethylacetamide		-6.516901433422783		-6.094025968540884					-4.536889461767888																																																																				-6.340115072992847														
1,2-dimethoxyethane	-1.9768349795522215	-3.4072276992544106	-2.0277567339203824																																																																																								
1-hexyne	0.497421100828835	-3.429522471262358	-3.7938965393059676																																																																																								
1-pentyne	0.4298559595639736	-2.7980895052836887	-3.1262793606613535																																																																																								
butanonitrile	-2.475148967480359	-4.940371760890066	-3.578347292946831																																																																																								
propionitrile	-2.644037336418634	-4.543665472251247	-3.1899419507123765																																																																																								
hydrogen	1.6195907886655596	0.26031006366151677	0.38101376452075586																																																																																								
3-bromopropene	-0.6925441054689281	-3.8760037140976054	-3.7660272157325334																																																																																								
pentylamine	-2.3372308845630245		-3.5460472354124946									-4.203372427408775																																																																															
dimethylether	-0.5953855800074381	-1.4772539246648642	-0.7127768883681773																																																																																								
quinoline		-6.184117056521279		-8.473727441499355	-6.785235319387762																																																																																						
methylbutanoate	-2.1992185151097408	-4.369072919422356	-3.5677729016591253																																																																																								
methylformate	-1.9141448756269224	-1.8836861890642576	-1.3837818146738283																																																																																								
2-nitropropane	-2.626697175665121	-4.195228398061838	-3.997282667756386																																																																																								
bromotoluene	-2.082774448223922	-6.635774384092287	-6.918572401156643																																																																																								
pentanal	-2.0054008957619787		-4.158809487241937														-4.679238376488425																																																																										
3,5-dimethylpyridine	-3.056508775909828		-4.938802975210918				-5.812418654732775																																																																																				
N-methyl-2-pyrrolidinone		-7.635695173327667		-7.240396569740791					-5.6585524239926395																																																																																		
diethyl4-nitrophenylthiophosphonate	-4.325245936741619	-9.485983113902918					-11.675419812443987																																																																																				
2,2-dichloroethenyldimethylphosphate	-3.5533374739875487	-6.935855148455639					-5.914086845407005																																																																																				
1-bromopentane	-0.29030318472649924	-5.34652670548905	-5.137745786923938																																																																																								
1-bromobutane	-0.4790145810229751	-4.8626066724215615	-4.596218307773475																																																																																								
2-bromopropane	-0.5113133633971393	-4.116160007739154	-3.8083394157085695																																																																																								
1-bromopropane	-0.6713268484437686	-4.380686436644332	-4.058244741721614																																																																																								
dibromomethane	-1.9328645534976567	-5.017517067831696	-4.372158611997119																																																																																								
Z-1,2-dichloroethene	-0.047013185942098516	-3.121404025835544	-2.7148220877586313																																																																																								
2-chloropropane	-0.10398701770874823	-3.6244296632384057	-3.1715093339076783																																																																																								
ethanethiol	-0.4954262409006929		-2.930896195452288														-3.302033305861762																																																																										
1-chloropropane	-0.27691860296639903	-3.8958160891117974	-3.4054617147398245																																																																																								
1,1,2-trichloroethane	-2.0344314950488047	-6.172765844266139	-4.768100885113813																																																																																								
chloroethane	-0.3799749323836932	-3.30793960757998	-2.7767812435594657																																																																																								
1,1,2-trichloro-1,2,2-trifluoroethane	2.9783784653060685	-1.7062640248334877	-1.5727276353049342																																																																																								
dimethyldisulfide	-0.7290096408731233	-3.853649996830659	-3.1443066687915118																																																																																								
1-hexene	2.1433929834304926	-2.4383040959484825	-3.2406327111475677																																																																																								
propyne	-0.15381347095678946	-1.9868610851922097	-2.172623823046437																																																																																								
ethyne	0.1931780379709704	-0.7200211461812404	-0.8324639157166405																																																																																								
p-dibromobenzene	-1.4546347078068902	-6.188163570746792							-7.225241279391639																																																																																		
2,2-dimethylpropane	2.6487281795126365	-1.438442868524833	-2.0852319843740705																																																																																								
pyrrole		-5.437807578673859		-6.785319757131431	-5.064128696975111																																																																																						
9-methyladenine	-12.346028789441863	-12.736030498272063		-15.015730105145021																																																																																							
3,5-dibromo-4-hydroxybenzonitrile	-3.543367179478373				-7.505476533623996					-7.765306320718391																																																																																	
1-decanol		-8.591031617600859	-6.666698502815945																																									-8.20280552484836																																															
cyclopentanol	-4.403350217084761		-4.343130645748937					-5.7111364869208545																																																																																			
morpholine	-6.108786078659117	-6.006544476894883		-5.4975620659504045																																																																																							
formamide		-6.2812264974832726	-3.007743912062564					-5.666663809021577																																																																																			
piperazine	-7.381579162985255	-6.6420448855240535																												-6.989964273379817																																																													
1-pentene	1.8431138579308217		-2.694924828789235														-3.226913304407615																																																																										
2-methylpropene	1.8108522586087712	-1.2865918510155858				-2.69722343305469																																																																																					
2,2'-dichlorobiphenyl	-0.9488019453775951	-7.453774348485412							-9.072070255204126																																																																																		
methane	2.3669086280118967	0.9004040795496867	0.44311034501014224																																																																																								
ethane	1.925153506305022	-0.46946980492008494	-1.0034826183841563																																																																																								
2-methylpropane	2.346438641867671	-1.2961010540947464	-1.9156942235404346																																																																																								
1-bromo-1-chloro-2,2,2-trifluoroethane	0.07022491275681204	-3.8993567822640216	-2.886766023813238																																																																																								
s-trans-1,3-butadiene	1.5297919929555306	-1.1401654095920117	-2.004548481149346																																																																																								
cyclopropane	0.3728828131036209	-2.3465149125794396	-2.845646998476496																																																																																								
cyclopentane	1.407129791331027	-2.6284649434742122	-3.25377173704075																																																																																								
4-ethylpyridine	-3.356978001773648	-5.416535332332562	-5.203645295737148																																																																																								
ethene	1.7610136724340906	0.025981483020643452	-0.586437457445204																																																																																								
tetramethylsilane	4.303088276323187	0.0854235493846852	-0.5722613012011522																																																																																								
diiodomethane	-4.002294511690722	-2.7699102507291014	-0.9706919396561807																																																																																								
iodoethane	-1.1631016863644488	-2.088721711230103	-1.4069419349370276																																																																																								
bromomethane	-0.5873638861188374	-2.822937747940964																																																																																									
bromotrifluoromethane	2.1601178193506714	-0.7931158005747375																																																																																									
chlorodifluoromethane	-0.05420746392550427	-2.531933592376025																																																																																									
tetrafluoromethane	3.2410664309892887	0.9581555812520907																																																																																									
O-ethylO'-4-bromo-2-chlorophenylS-propylphosphorothioate	-6.011383861845379	-13.594607998327646																																																																																									
1,1,1-trifluoropropan-2-ol	-3.3554233131080946	-5.231651667568345																																																																																									
1,1,1,3,3,3-hexafluoropropan-2-ol	-2.1910918884763895	-4.526085061729634																																																																																									
diethyl2,4-dichlorophenylthiophosphate	-2.185288217444481	-9.402254248998775																																																																																									
methyl3-methyl-4-thiomethoxyphenylthiophosphate	-7.111708374607981	-12.705939833140299																																																																																									
2,3-dichlorobiphenyl	-0.6246792641102388	-7.164025381778203																																																																																									
4-amino-3,5,6-trichloropyridine-2-carboxylicacid	-10.133082122530938	-11.05230125735047																																																																																									
1,2,3,4,5,6-hexachlorocyclohexane(lindane)	-4.770038563280714	-11.678489662199627																																																																																									
5-chlorouracil	-12.034516102914106	-12.379217949543932																																																																																									
5-trifluoromethyluracil	-11.476752569339705	-12.090447963062248																																																																																									
dimethyl2,4,5-trichlorophenylthiophosphate	-1.7751813502755203	-8.52188058521549																																																																																									
methylhydrazine	-4.3215545991757285	-4.3339669063677695																																																																																									
2,2',3'-trichlorobiphenyl	-0.7849820167932534	-7.860153779184689																																																																																									
2,6-dichlorobenzonitrile	-2.185266211166895	-6.171994862928761																																																																																									
dimethyl4-bromo-2,5-dichlorophenylthiophosphate	-2.2980522135923	-9.110071808694592																																																																																									
ethyl4-cyanophenylphenylthiophosphonate	-4.49611431312562	-11.723911191138502																																																																																									
2-iodopropane	-0.8722185837318573	-2.4822073919664156																																																																																									
ibuprofen(racemic)	-4.22770675693881	-9.470975040829561																																																																																									
acetylsalicylicacid	-7.0906330897195105	-8.632077091852947																																																																																									
octafluorocyclobutane	3.5705184210648393	-0.3737471786555034																																																																																									
t-butylmethylether	-0.2671062460815273	-3.0898619257691724																																																																																									
2-methoxybenzoicacid	-7.055123389468779	-8.494100760325912																																																																																									
phenacetin	-7.666905854096666	-10.57953652672058																																																																																									
N-(2-hydroxyphenyl)acetamide	-9.160565776056313	-10.808489664087114																																																																																									
fenbufen	-13.135960494020829	-16.743142674707602																																																																																									
N-(3-hydroxyphenyl)acetamide	-10.994682529262098	-12.36224765012382																																																																																									
paracetamol	-11.20331775433019	-12.436796085954953																																																																																									
sulfolane	-11.48134546563982	-10.641425371325946																																																																																									
4-methoxybenzoicacid	-6.1406614456122055	-7.6154827555735425																																																																																									
3-methoxybenzoicacid	-5.999747439823207	-7.534607649696958																																																																																									
propylparaben	-7.110616834718127	-10.113560073119809																																																																																									
phthalimide	-7.1065393198574665	-8.126187754887486																																																																																									
pentachloronitrobenzene	2.30703104394051	-3.643856801767001																																																																																									
tolfenamicacid	-4.10965734932447	-9.459548682335697																																																																																									
butylparaben	-6.896132071161298	-10.564012558705128																																																																																									
diclofenacacid	-9.228027245754028	-14.061765289770252																																																																																									
4-nitroaniline	-7.397523951763858	-8.374364994921018																																																																																									
naproxen	-7.255751600774146	-11.043852346031015																																																																																									
flufenamicacid	-8.969613873720148	-13.0074698352134																																																																																									
methylparaben	-7.024927691039059	-8.474515546309181																																																																																									
ketoprofen(racemic)	-8.694676999357164	-12.752049714078936																																																																																									
5-iodouracil	-13.744367876589482	-12.068135579904157																																																																																									
hexachlorobenzene	1.999704558731014	-4.889133398918516																																																																																									
flurbiprofen(racemic)	-5.810884774909159	-10.840802407983086																																																																																									
ethylparaben	-7.2674559618064904	-9.570085614898504																																																																																									
diflunisal	-11.262180774576224	-14.021250649441969																																																																																									
cyanuricacid	-13.118505523372784	-12.884894883219653																																																																																									
caffeine	-10.441735099771154	-12.6124862874325																																																																																									
1,1-difluoroethane	-0.675280001961184	-3.042706068455025																																																																																									
3-chloropropene	-0.2993016186336399		-3.0334402419598403																																																																																								
ethylformate	-2.0276728935569195		-2.3392615081700505																																																																																								
octanal	-1.3571634893078879		-5.750060394415119																																																																																								
2,2,2-trifluorethylvinylether	0.025411970052732612		-1.8042677528814692																																																																																								
1-bromo-1,2,2,2-tetrafluoroethane	0.4461808984019035		-1.9201717570282335																																																																																								
dipropylsulfide	0.5196939006060336		-4.870402748602864																																																																																								
dimethylsulfide	0.17158204788767079		-2.010983217800211																																																																																								
2,5-dimethylpyridine	-2.6246588393169428		-4.857796749239106																																																																																								
2,4-dimethylpyridine	-2.743639442875526		-4.899269358275093																																																																																								
5-nonanone	-1.966629948811564		-6.461460968868855																																																																																								
4-heptanone	-2.364512017954681		-5.391037111029323																																																																																								
methylisopropylether	-0.43266916846951375	-2.7935814709305036																																																																																									
1-butyne	0.18355023361710238		-2.6769876424232395																																																																																								
2,2,4-trimethylpentane	3.2730978188849087		-3.086540158239146																																																																																								
2,4-dimethylpentane	3.081178230278005		-2.975645851845363																																																																																								
2-methylpentane	2.709692852434001		-2.860825798336196																																																																																								
E-2-pentene	1.8239070180625654					-3.8909199599438296																																																																																					
1-methylthymine	-9.801666681314236			-10.550599472875817																																																																																							
diethyldisulfide	-0.4757226496513556		-4.569270756732368																																																																																								
1,1-dichloro-2,2-difluoroethylmethylether		-4.645654552154963	-3.324723879290436																																																																																								
p-bromotoluene	-0.6524606547619624		-6.061611456312021																																																																																								
methylpropylether	-0.4112120432184164	-2.88784411363291																																																																																									
bromotrichloromethane	0.4344142052974121		-3.9971097950383774																																																																																								
N-methylformamide		-5.953691864820581																																																																						-6.568956777754156																			
3,4-dimethylpyridine	-3.4159905149582546		-5.0145192881500416																																																																																								
1-iodopropane	-1.0268066354580145		-2.0199571109111485																																																																																								
1-bromo-isobutane	-0.15586552344520896		-4.098905538327081																																																																																								
1-iodobutane	-0.8229527641917377		-2.5510765265983																																																																																								
1-iodopentane	-0.6740525227345734		-3.057116294689777																																																																																								
3a,4,7,7a-tetrahydro-2-[(trichloromethyl)thio]-1H-isoindole-1,3(2H)-dione(captan)	-6.560695438040907																																																																																										
S-4-chlorophenylthiomethylO,O-diethylphosphorodithioate(carbophenothion)	-2.2651227378315206																																																																																										
2-methyl-2-(methylthio)propanalO-(N-methylcarbamoyl)oxime(aldicarb)	-5.920040441303262																																																																																										
trichloro(nitro)methane(chloropicrin)	1.529231122605147																																																																																										
ethyl2-(4-chloro-6-methoxypyrimidin-2-ylcarbamoylsulfamoyl)benzoate(chlorimuronethyl)	-17.858990710897096																																																																																										
phosphoricacid[(E)-2-chloro-1-(2,4-dichlorophenyl)vinyl]diethylester(chlorfenvinphos)	-5.150296176655661																																																																																										
octachloro-4,7-methanohydroindane(chlordane)	-2.3143492461335926																																																																																										
O,O-dimethylS-[(4-oxo-1,2,3-benzotriazin-3(4H)-yl)methyl]dithiophosphate(azinphosmethyl)	-10.990400177000227																																																																																										
2-(ethylamino)-4-isopropylamino-6-methyl-thio-s-triazine(ametryn)	-7.398724493254119																																																																																										
2,3-dihydro-2,2-dimethyl-7-benzofuranylmethylcarbamate(carbofuran)	-8.8869598886913																																																																																										
1-naphthylmethylcarbamate(carbaryl)	-8.246501884992101																																																																																										
N-butyl-N-ethyl-2,6-dinitro-4-(trifluoromethyl)aniline(benefin)	-0.22760970873752057																																																																																										
a-[(4,6-dimethoxypyrimidin-2-ylcarbamoyl)sulfamoyl]-o-toluicacid(bensulfuron)	-26.260861626345456																																																																																										
5-Bromo-3-sec-butyl-6-methyl-uracil(bromacil)	-8.67052899443448																																																																																										
ethyleneglycolmononitrate	-4.791474860285494																																																																																										
2-chloro-N-(2,6-diethylphenyl)-N-(methoxymethyl)acetamide(alachlor)	-4.445268950015363																																																																																										
3-ethyl-2-methoxypyrazine		-4.170537343552574																																																																																									
isobutylnitrate	0.1878102032313484																																																																																										
dimethoxymethane	-1.8405522654789173																																																																																										
m-bis(trifluoromethyl)benzene	1.5624105418874614																																																																																										
N,N-dimethyl-p-methoxybenzamide	-6.778364017121763																																																																																										
N,N,4-trimethylbenzamide	-5.429361726451138																																																																																										
bis(2-chloroethyl)ether	-3.027551626548063																																																																																										
1,1-diacetoxyethane	-5.120854637750484																																																																																										
1,1-diethoxyethane	-1.7227074154717708																																																																																										
diethylpropanedioate	-5.5635910420623516																																																																																										
ethyleneglycoldiacetate	-5.759340761567207																																																																																										
2-butylnitrate	0.1590968516605551																																																																																										
1,2-diethoxyethane	-1.9400993945512244																																																																																										
phenylformate	-2.353998637618394																																																																																										
imidazole	-7.959021678740766																																																																																										
S-(RS)-2-chloro-1-phthalimidoethylO,O-diethylphosphorodithioate(dialifor)	-8.164872105588957																																																																																										
nitroglycol	-1.4168759013816907																																																																																										
1,2-dinitroxypropane	-1.824728859792458																																																																																										
butylnitrate	-0.0800217669342328																																																																																										
O,O-diethylO-3,5,6-trichloro-2-pyridylphosphorothioate(chlorpyrifos)	-1.4982597723753133																																																																																										
nitroxyacetone	-3.4732394545509875																																																																																										
diethoxy-[(2-isopropyl-6-methyl-4-pyrimidinyl)oxy]-thioxophosphorane(diazinon)	-6.494405237614801																																																																																										
3,6-dichloro-2-methoxybenzoicacid(dicamba)	-5.026293204891199																																																																																										
5-amino-4-chloro-2-phenyl-3-(2H)-pyridazinone(pyrazon)	-10.4981614504049																																																																																										
6-chloro-N,N'-diethyl-1,3,5-triazine-2,4-diamine(simazine)	-10.813851031069094																																																																																										
methyl2-(4,6-dimethylpyrimidin-2-ylcarbamoylsulfamoyl)benzoate(sulfometuron-methyl)	-20.160138353924566																																																																																										
3-t-butyl-5-chloro-6-methyluracil(terbacil)	-7.911174191906018																																																																																										
N2-tert-butyl-N4-ethyl-6-methylthio-1,3,5-triazine-2,4-diamine(terbutryn)	-6.858836951911967																																																																																										
3-(4-methoxy-6-methyl-1,3,5-triazin-2-ylcarbamoylsulfamoyl)thiophene-2-carboxylicacid(thifensulfuron)	-22.45752038693301																																																																																										
dimethyl(RS)-2,2,2-trichloro-1-hydroxyethylphosphonate(trichlorfon)	-8.458766621048703																																																																																										
a,a,a-trifluoro-2,6-dinitro-N,N-dipropyl-p-toluidine(trifluralin)	-0.8568581572824724																																																																																										
S-propyldipropyl(thiocarbamate)(vernolate)	-2.5424550638388483																																																																																										
4-amino-4'-nitroazobenzene	-8.04392724122012																																																																																										
1-amino-4-anilinoanthraquinone	-7.197896585566459																																																																																										
1,4,5,8-tetraminoanthraquinone	-11.630200127281535																																																																																										
1-amino-anthraquinone	-6.505366505040267																																																																																										
(2-dimethylamino-5,6-dimethyl-pyrimidin-4-yl)N,N-dimethylcarbamate(pirimor,pirimicarb)	-7.021742890885491																																																																																										
6-chlorouracil	-9.980659535689018																																																																																										
N-(3,4-dichlorophenyl)propanamide(propanil)	-6.122057131356358																																																																																										
N2,N4-diisopropyl-6-methylthio-1,3,5-triazine-2,4-diamine(prometryn)	-7.09933093553281																																																																																										
N-cyclopropylmethyl-2,6-dinitro-N-propyl-4-trifluoromethylaniline(profluralin)	-1.544175443377053																																																																																										
3,5,5-trimethyl-2-cyclohexen-1-one(isophorone)	-3.932541662202456																																																																																										
N1,N1-diethyl-2,6-dinitro-4-trifluoromethyl-m-phenylenediamine(dinitramine)	-2.925851208839149																																																																																										
(RS)-2-sec-butyl-4,6-dinitrophenol(dinoseb)	-8.122208499377457																																																																																										
6,7,8,9,10,10-hexachloro-1,5,5a,6,9,9a-hexahydro-6,9-methano-2,4,3-benzodioxathiepine-3-oxide(endosulfanalpha)	-8.080715182516446																																																																																										
(1R,4S,4aS,5S,6S,7R,8R,8aR)-1,2,3,4,10,10-hexachloro-1,4,4a,5,6,7,8,8a-octahydro-6,7-epoxy-1,4:5,8-dimethanonaphthalene(endrin)	-3.4771637471583743																																																																																										
O,O,O',O'-tetraethylS,S'-methylenebis(phosphorodithioate)(ethion)	-6.904241170860937																																																																																										
1,4,5,6,7,8,8-heptachloro-3a,4,7,7a-tetrahydro-4,7-methanoindene(heptachlor)	-0.790335338591417																																																																																										
2-(dimethoxyphosphinothioylthio)butanedioicaciddiethylester(malathion)	-6.453778891628869																																																																																										
O,O-diethylS-ethylthiomethylphosphorodithioate(phorate)	-3.9485851508182215																																																																																										
N-methylcarbamicacid[1-(methylthio)ethylideneamino]ester(methomyl)	-7.326070545152582																																																																																										
methyl2-(4-methoxy-6-methyl-1,3,5-triazin-2-ylcarbamoylsulfamoyl)benzoate(metsulfuronmethyl)	-21.609169185601864																																																																																										
4-mesyl-2,6-dinitro-N,N-dipropylaniline(nitralin)	-10.337586155661176																																																																																										
ethylperoxide	-5.592003672597907																																																																																										
O,O-diethyl-O-4-nitro-phenylthiophosphate(parathion)	-4.766958700865671																																																																																										
S-propylbutyl(ethyl)thiocarbamate(pebulate)	-2.2448699937121184																																																																																										
1,3-diacetyloxypropan-2-ylacetate(glyceroltriacetate)	-9.450174907819394																																																																																										
hexachloroethane	1.4314775784932454																																																																																										
methylperoxide	-5.513647113876395																																																																																										
cyclopentene	0.8986297793224989																																																																																										
n-decane														-5.758155906590947																																																																													
cyclohexanone																																																			-6.93807943107929																																								
carbontet						-3.9890518649707043																																																																																					
carbondisulfide																																-1.4697007430435098																																																											
butylbenzene																																																-6.36318980799728																																											
benzylalcohol																																																	-7.6940273307573435																																										
4-methyl-2-pentanone																																						-6.297481000067367																																																					
n-pentadecane																																																										-8.078969949843435																																	
perfluorobenzene																																		-1.677388578642624																																																									
secbutanol																																																							-5.7815070057301385																																				
tbutylbenzene																																					-5.809668700748803																																																						
tetralin																																																								-6.778820049983634																																			
triethylamine																																																																									-4.044182393014658																		
trimethylbenzene																																															-5.641947506027004																																												
n-undecane																																							-6.951182603548336																																																				
dibutylether																																	-4.980994434579496																																																										
dichloroethane													-5.332267325041898																																																																														
dimethylsulfoxide																																																																																-6.499933137611778											
dimethylmethylphosphonate			-2.9163024005491707																																																																																								
1-nonanol																																																				-7.9444171007459365																																							
n-nonane																					-5.299109544780768																																																																						
mesitylene																																																																										-5.744619002955013																	
isopropylbenzene																													-5.767278459322268																																																														
isobutanol																														-5.684684670688972																																																													
3-iodopropene			-1.792528202293728																																																																																								
2-pyrrolidinone		-8.36331035769165																																																																																									
n-dodecane																																																													-6.701668876445569																														
1-fluorooctane			-5.0837318891308625																																																																																								
1-fluorohexane			-4.0258923107347675																																																																																								
fluoroethane			-1.805243207128067																																																																																								
ethyloctadecanoate			-11.962334359297909																																																																																								
chrysene			-11.619990823832234																																																																																								
n-hexadecane			-8.551369129587233																																																																																								
cis-1,2-dimethylcyclohexane	2.292332267960045																																																																																										
azetidine	-4.209039964061385																																																																																										
1,2-ethanediamine	-7.58189875422863																																																																																										
pyrrolidine	-4.609292555162498																																																																																										
hexafluoroethane	4.216611618990116																																																																																										
octafluoropropane	5.197090181294336																																																																																										
1,1,1,2-tetrachloroethane	-1.0501803689667075																																																																																										
2-chlorobutane	0.12510639077239602																																																																																										
1-chloropentane	0.13155695378076757																																																																																										
2-chloropentane	0.4341407020065617																																																																																										
chlorotoluene	-1.8086134164945553																																																																																										
o-chlorotoluene	0.13165810338506959																																																																																										
chloropentaflouroethane	3.9342556543608223																																																																																										
2,6-dichlorothiobenzamide	-7.223569708308364																																																																																										
dimethyl5-(4-chloro)bicyclo[3.2.0]heptylphosphate	-4.3996519159686525																																																																																										
1,1-dimethylhydrazine	-4.021725172452912																																																																																										
N-ethylaniline	-2.780775644686439																																																																																										
N,N-dimethylaniline	-1.7625922384997335																																																																																										
3,aminoaniline	-7.514826531498516																																																																																										
methyloctanoate	-1.3823458829460498																																																																																										
Z-N-methylacetamide	-7.742965948349181																																																																																										
E-N-methylacetamide	-7.55374270369047																																																																																										
chloromethane	-0.22766205747084994																																																																																										
N-methylpiperazine	-6.732112877371372																																																																																										
N,N'-dimethylpiperazine	-6.079259740799902																																																																																										
methanethiol	-0.37572796104576867																																																																																										
2-methoxyethanamine	-5.1784477496691075																																																																																										
butenyne	0.6516727256081336																																																																																										
fluoromethane	0.13147496774824333																																																																																										
chloroethene	0.7222376006005515																																																																																										
N-methylmorpholine	-5.356857642218567																																																																																										
chlorofluoromethane	-1.0385106300543623																																																																																										
1-bromo-2-chloroethane	-1.8823485366265367																																																																																										
1-chloro-2,2,2-trifluoroethane	-0.5433725430001197																																																																																										
1-chloro-2,2,2-trifluoroethyldifluoromethylether	-0.2990853779496638																																																																																										
bis(2-chloroethyl)sulfide	-3.0922207151228487																																																																																										
phosphine	0.865337406349256																																																																																										
trimethylorthotrifluoroacetate	0.004952570013672357																																																																																										
